<beans xmlns="http://www.springframework.org/schema/beans"
    xmlns:mvc="http://www.springframework.org/schema/mvc"
	xmlns:context="http://www.springframework.org/schema/context"
	 xmlns:tx="http://www.springframework.org/schema/tx"
	xmlns:xsi="http://www.w3.org/2001/XMLSchema-instance"
	xsi:schemaLocation="http://www.springframework.org/schema/beans http://www.springframework.org/schema/beans/spring-beans-3.0.xsd
        http://www.springframework.org/schema/mvc http://www.springframework.org/schema/mvc/spring-mvc.xsd
         http://www.springframework.org/schema/context http://www.springframework.org/schema/context/spring-context.xsd 
          http://www.springframework.org/schema/tx http://www.springframework.org/schema/tx/spring-tx-4.0.xsd">
 
 
<context:component-scan base-package="com.music.controller" />
	
	<mvc:resources mapping="/resources/**" location="/resources/" /> 
	
	<mvc:annotation-driven />
	
    <mvc:default-servlet-handler/>
    
<bean id="md" class="com.music.DAO.MusicDaoImpl"/>
 <bean id="mdi" class="com.music.service.MusicServDaoImpl" />

<bean id="udo" class="com.music.DAO.UserDAOImpl"/>
<bean id="udi" class="com.music.service.UserServDaoImpl" />

<bean id="multipartResolver"
		class="org.springframework.web.multipart.commons.CommonsMultipartResolver" />
		
	<bean class="org.springframework.web.servlet.view.InternalResourceViewResolver">
		<property name="prefix">
			<value>/WEB-INF/views/</value>
			
		</property>
		<property name="suffix">
			<value>.jsp</value>
		</property>
	</bean>
		
</beans>