<beans:beans xmlns="http://www.springframework.org/schema/security"
	xmlns:beans="http://www.springframework.org/schema/beans" xmlns:xsi="http://www.w3.org/2001/XMLSchema-instance"
	xsi:schemaLocation="http://www.springframework.org/schema/beans
	http://www.springframework.org/schema/beans/spring-beans-3.0.xsd
	http://www.springframework.org/schema/security
	http://www.springframework.org/schema/security/spring-security-3.2.xsd">

    <!-- enable use-expressions -->
	<http auto-config="true" use-expressions="true">
		<intercept-url pattern="/admin**" access="hasRole('ROLE_ADMIN')" />
		<intercept-url pattern="/Update**" access="hasRole('ROLE_ADMIN')" />
		<intercept-url pattern="/Delete**" access="hasRole('ROLE_ADMIN')" />
		<intercept-url pattern="/Welcome**" access="hasRole('ROLE_USER')" />
		<!-- access denied page -->
		<access-denied-handler error-page="/403" />
		<form-login 
		    login-page="/login" 
		    default-target-url="/SignIn" 
			authentication-failure-url="/login?error" 
			username-parameter="username"
			password-parameter="password" />
		<logout logout-success-url="/login?logout"  />
		<!-- enable csrf protection -->
		<csrf/>
	</http>
	
	<!-- Select users and user_roles from database -->
	<authentication-manager>
		<authentication-provider>
			<jdbc-user-service data-source-ref="dataSource"
				users-by-username-query=
					"select UNAME,UPASS,UID from USERDETAIL where UNAME=?"
				authorities-by-username-query=
					"select UNAME,UROLE from USERDETAIL where UNAME=?  " />
		</authentication-provider>
	</authentication-manager>

</beans:beans>